Company Name,Website,City,Segment,What they make,Revenue Band,Decision-Maker Name & Background,E1: Producer,E2: Accessible,C3: Differentiated (Moat),C4: DM Quality,C5: Growing Sector,C6: Growth Signals,C7: Systems Maturity,C8: Leadership Succession,Total Score,Band,Personalization Hook
Vivimed Labs,vivimedlabs.com,Hyderabad,Custom synthesis & specialty chemicals,"Specialty chemicals, active ingredients for home care, photochromic dyes",₹100 - ₹500 Cr,"Santosh Varalwar (MD, Chemical Engineering background)",PASS,PASS,18/20 (DSIR-approved R&D center),17/20 (Experienced operations head),16/20 (High global skin-care export demand),15/20 (Expanding tier-2 country export footprint),15/20 (ISO & GMP compliant lines),13/20 (Second generation active in management),94,A,"""Loved seeing your focus on world-class photochromic dyes and your DSIR-approved R&D infrastructure right here in Hyderabad."""
Zen Technologies,zentechnologies.com,Hyderabad,Industrial sensors & instrumentation,Advanced military training flight simulators and drone defense systems,₹100 - ₹500 Cr,"Ashok Atluri (Chairman & MD, Defense Innovator)",PASS,PASS,19/20 (Holds multiple proprietary simulator patents),18/20 (Passionate advocate for indigenous tech),"19/20 (Massive ""Make in India"" defense tailwinds)",18/20 (Huge recent domestic order inflows),17/20 (CMMI Level 5 software processes),14/20 (Strong professional executive board),105,A,"""Incredible to see Zen Tech driving the indigenization of heavy defense simulation systems and drone tech under the Make in India initiative."""
Celestial Biolabs,celestialbiolabs.com,Hyderabad,Specialty biotech,"Industrial enzymes, probiotics, bio-pharmaceutical formulations",₹10 - ₹100 Cr,Dr. A.N. Singh (Founder & Biotech Scientist),PASS,PASS,16/20 (Niche custom-made bioprocess formulations),16/20 (Strong technical foundation),15/20 (Eco-friendly chemical replacements rising),13/20 (Hiring specialized bio-process engineers),14/20 (ISO 9001 certified cleanrooms),11/20 (Founder-driven operational layout),85,B,"""Great work on scaling the manufacturing of custom industrial enzymes and probiotics rather than just distribution."""
Medha Servo Drives,medhaservo.com,Hyderabad,Precision Engineering / Industrial Electronics,High-tech control electronics and traction equipment for locomotives,Over ₹500 Cr,Y. Khamis (Founder & IIT Madras Alumnus),PASS,PASS,19/20 (Key indigenous supplier for Vande Bharat trains),18/20 (Highly technical elite engineering archetype),18/20 (Indian Railways rapid modernization),17/20 (Setting up massive new rolling stock plants),18/20 (Highly rigid manufacturing standards),15/20 (Professional executive structure running units),105,A,"""Inspirational to see how Medha Servo Drives scales custom traction systems for the Vande Bharat trains via in-house R&D."""
Biological E. Limited (Specialty Div),biologicale.com,Hyderabad,Complex APIs & regulated pharma,"Specialty biologics, specialized vaccines, sterile injectables",Over ₹500 Cr,"Mahima Datla (MD, Experienced Biotech Leader)",PASS,PASS,18/20 (WHO pre-qualified sterile formulation spaces),17/20 (Strong regulatory reputation globally),16/20 (High entry-barrier complex biologics),15/20 (Expanding contract manufacturing pipeline),17/20 (USFDA and international approvals),18/20 (Gen-2 leader successfully scaling operations),101,A,"""Impressive to see how the specialty biologics division has scaled under your leadership, maintaining world-class regulatory approvals."""
MTAR Technologies,mtar.in,Hyderabad,Precision Engineering / Aerospace,"Mission-critical assemblies for ISRO, defense, clean energy components",₹100 - ₹500 Cr,"P. Srinivas Reddy (MD, Heavy Industry Veteran)",PASS,PASS,"19/20 (Micron-level tolerances, nuclear-grade builds)",18/20 (Deep technical execution capabilities),18/20 (Massive growth in domestic aerospace & space),17/20 (Consistently expanding clean energy client lists),18/20 (AS9100 Aerospace certification standard),14/20 (Strong executive layer driving operations),104,A,"""Fascinated by your production of liquid propulsion engines for ISRO and your strict micron-level precision engineering."""
SEC Industries,secindustries.com,Hyderabad,Precision Engineering / Aerospace,"Airworthy defense structures, naval subsystems, aircraft MRO",₹100 - ₹500 Cr,"D. Vidyasagar (MD, Advanced Engineering Pioneer)",PASS,PASS,17/20 (P75 Scorpene submarine subsystem capabilities),16/20 (Long-term trust with defense labs),18/20 (Defense indigenisation push),15/20 (Expanding structural prototyping bays),16/20 (AS 9100:2016 aerospace standards),12/20 (Founder family heavily managing key bays),94,A,"""Amazing contribution to the P75 Scorpene submarine program and high-end military aircraft maintenance systems."""
Sparsha Pharma International,sparshapharma.com,Hyderabad,Medical Devices / Formulations,"Transdermal drug delivery systems, specialized matrix patches",₹1 - ₹100 Cr,Dange Veerapaneni (MD & Pharmaceutical Expert),PASS,PASS,18/20 (Niche focus on transdermal patch science),16/20 (Strong background in formulation research),15/20 (Growing global non-invasive delivery market),13/20 (Hiring niche formulation analysts),15/20 (EU-GMP compliant manufacturing setups),12/20 (Core promoter led governance style),89,B,"""Incredible work developing specialized transdermal patches for pain management right here in your Hyderabad facility."""
Thiocom Speciality Chemicals,thiocom.com,Hyderabad,Custom synthesis & specialty chemicals,Specialized sulfur-based organic intermediate chemistries,₹10 - ₹100 Cr,K.A. Taneja (Director & Industrial Chemist),PASS,PASS,16/20 (Niche thiolation processing capability moats),15/20 (Highly focused technical founder archetype),16/20 (High demand for custom agro intermediates),14/20 (Acquiring additional manufacturing site leases),14/20 (Strict safety and emission handling setups),11/20 (Flat management structure with family heads),86,B,"""Great execution in building out high-barrier custom sulfur chemistry processes for industrial intermediates."""
Denisco Speciality Chemicals,denisco.com,Hyderabad,Custom synthesis & specialty chemicals,"Fine chemicals, customized reaction intermediaries for export",₹10 - ₹100 Cr,M. Ramesh (Technical Operations Director),PASS,PASS,15/20 (Bespoke small-batch reaction capabilities),15/20 (Solid continuous process backgrounds),16/20 (Global supply chain shifts toward Indian labs),13/20 (Consistent capital addition into processing reactors),14/20 (ISO standard organic processing systems),12/20 (Managed closely by technical directors),85,B,"""Excellent work setting up multi-purpose reaction blocks for specialized custom fine chemicals."""
Vivin Laboratories,vivinlabs.com,Hyderabad,Custom synthesis & specialty chemicals,"Active pharmaceutical ingredients, specialized custom intermediaries",₹100 - ₹500 Cr,V. Srinivas Rao (MD & Industry Veteran),PASS,PASS,17/20 (Advanced process optimization for complex steps),16/20 (Deep regulatory chemistry knowledge),16/20 (Steady global demand for niche API intermediates),14/20 (Upgrading active production blocks),16/20 (WHO-GMP certifications in line operations),13/20 (Professional team leading mid-level blocks),92,A,"""Impressive work building out high-yield multi-stage synthesis pathways for complex chemical intermediates."""
Emnar Pharma,emnarpharma.com,Hyderabad,Complex APIs & regulated pharma,Niche advanced intermediates and customized pharmaceutical molecules,₹100 - ₹500 Cr,M. Nagesh (Director & Promoter),PASS,PASS,16/20 (Niche chiral synthesis and separation lines),16/20 (Strong execution team foundations),16/20 (Growth in custom chemical synthesis shifts),14/20 (Hiring chemical engineering talent pools),15/20 (State of the art analytical testing labs),12/20 (Promoter family heavily driving operations),89,B,"""Great setup of advanced chiral separation and synthesis platforms for regulated market applications."""
Emmennar Chem,emmennarchem.com,Hyderabad,Custom synthesis & specialty chemicals,Bulk specialty reagents and customized organic catalysts,₹10 - ₹100 Cr,R.K. Prasad (Technical Director),PASS,PASS,15/20 (Customized catalyst production batches),15/20 (Solid industrial operational experience),15/20 (Rising localization of process catalysts),13/20 (Optimizing existing catalyst batch yields),14/20 (Standard chemical process safeties implemented),11/20 (Promoter heavily involved day to day),83,B,"""Remarkable efficiency in managing custom organic catalyst batch processing lines."""
Biopharmacule Speciality Chemicals,biopharmacule.com,Hyderabad,Custom synthesis & specialty chemicals,"Novel biochemical reagents, protected amino acid variants",₹1 - ₹100 Cr,Dr. S. Prakash (Founder & Organic Chemistry PhD),PASS,PASS,17/20 (Proprietary amino acid protection technologies),16/20 (Elite technical founder profile),16/20 (Peptide chemistry research growing fast),14/20 (Collaborating with foreign research labs),14/20 (Well documented clean analytical profiles),10/20 (Early stage founder-centric hierarchy),88,B,"""Fascinated by your technical prowess in manufacturing specialized protected amino acids for peptide synthesis."""
Sindu Research Laboratories,sinduresearch.com,Hyderabad,Custom synthesis & specialty chemicals,"Novel chemical entities (NCE) scale up, advanced synthesis intermediates",₹10 - ₹100 Cr,K. Subba Rao (Managing Director),PASS,PASS,16/20 (Strong contract synthesis scaling capability),15/20 (Deep understanding of scale-up traps),16/20 (Increasing global outsourcing to Indian synthesis labs),14/20 (Adding newer pilot plant equipment systems),15/20 (Good laboratory practice (GLP) environments),12/20 (Core technical partners guiding leadership),88,B,"""Exceptional work scaling up novel chemical entities from laboratory gram-scale to pilot-plant quantities."""
Premier Health Tools,premierhealth.in,Hyderabad,Medical Devices,"Specialized surgical tooling, precise hospital autoclaves",₹10 - ₹100 Cr,T. Satyanarayana (MD & Precision Engineer),PASS,PASS,15/20 (High-pressure steam sterilization engineering),14/20 (Strong background in manufacturing controls),15/20 (Domestic hospital expansion driving demand),13/20 (Expanding reach to tier-2 hospital chains),14/20 (ISO 13485 medical device processes),11/20 (Family-managed engineering setup),82,C,"""Good layout of robust high-pressure sterilization manufacturing units for precision clinical safety."""
Advanced Microdevices (Hyd Hub),mdi-membrane.com,Hyderabad,Specialty Diagnostics,"Microfiltration membranes, rapid diagnostic kit components",₹100 - ₹500 Cr,"N.K. Sharma (Division Head, Hyd Operations)",PASS,PASS,18/20 (Proprietary plastic/membrane casting capabilities),17/20 (Highly process-focused technical leaders),17/20 (Point-of-care rapid testing explosion globally),15/20 (Increasing cleanroom automated output),17/20 (ISO 13485 and global pharma compliance),13/20 (Structured division management framework),97,A,"""Impressive work creating complex microfiltration membranes that act as critical raw components for rapid diagnostic testing."""
Prasidha Agri Sciences,prasidhaagri.com,Hyderabad,Hybrid seeds & specialty agri-inputs,"High-yield bio-fertilizers, specialized crop defensive inputs",₹10 - ₹100 Cr,V. Bhaskar (Managing Director),PASS,PASS,15/20 (Niche microbial strains for bio-protection),14/20 (Solid agricultural science background),16/20 (Global push toward organic/sustainable agriculture),13/20 (Increasing field test trial geographical footprints),14/20 (Standard certified bio-processing plants),11/20 (Founder-led small executive circle),83,B,"""Excellent job commercializing niche microbial strains into high-efficiency stable bio-protection products."""
Rithra Crop Tech,rithracrop.com,Hyderabad,Hybrid seeds & specialty agri-inputs,Specialized custom botanical extract formulations for pest management,₹1 - ₹100 Cr,S. Anitha (Founder & Agri-Entrepreneur),PASS,PASS,16/20 (Proprietary formulation stabilities for extracts),15/20 (Highly focused niche product vision),16/20 (Botanical green agri-inputs gaining massive ground),13/20 (Securing newer botanical supplier raw streams),14/20 (Clean processing extraction setups),11/20 (Flat early-growth organizational structure),85,B,"""Great process control in achieving molecular stability for botanical crop-protection extract formulations."""
Anjaneya Agri Solutions,anjaneyagri.com,Hyderabad,Hybrid seeds & specialty agri-inputs,High-stability custom micronutrient chelates for precise farming,₹10 - ₹100 Cr,K. Vasudev (Technical Director),PASS,PASS,15/20 (Advanced chelation efficiency process tech),15/20 (Strong process control experience),15/20 (Precision farming and nutrient awareness),13/20 (Expanding distribution with crop advisors),14/20 (Consistent chemical blending standards),12/20 (Promoter managed core technical operations),84,B,"""Remarkable development of stable micronutrient chelates designed explicitly for micro-irrigation systems."""
Vindhya Polymers,vindhyapoly.com,Hyderabad,Performance chemicals / Polymers,"Specialized engineering plastic compounds, polymer cross-linkers",₹10 - ₹100 Cr,M.K. Reddy (MD & Materials Scientist),PASS,PASS,16/20 (Niche compounding properties for electronic casings),15/20 (Strong material physics background),15/20 (Localization of heavy engineering plastics),13/20 (Adding newer twin-screw compounding extruders),15/20 (Strict quality testing for mechanical properties),11/20 (Closely held management structure),85,B,"""Excellent technical execution in formulating high-dielectric engineering polymer compounds for electrical hardware."""
Svrs Polymers,svrspolymers.com,Hyderabad,Performance chemicals / Polymers,"Customized polymer additives, specialized industrial coatings",₹10 - ₹100 Cr,S. Venkatesh (Promoter & Director),PASS,PASS,15/20 (Tailored weatherproofing cross-linking additives),14/20 (Practical application experience in coating sectors),16/20 (Infrastructure boom demanding advanced coatings),13/20 (Extending commercial factory floor space footprints),14/20 (Standard batch testing quality checks),11/20 (Direct promoter-driven execution loops),83,B,"""Great work scaling custom weatherproofing polymer additives to service heavy construction infrastructure."""
Timetech Formulations,timetechform.com,Hyderabad,Performance chemicals / Polymers,High-molecular weight structural polymer processing agents,₹10 - ₹100 Cr,P.V. Rao (Technical Operations Head),PASS,PASS,16/20 (Specialized processing aids preventing melt fracture),15/20 (Good material scaling intelligence),15/20 (Growth in packaging extrusion fields),13/20 (Optimizing cycle times on extrusion lines),14/20 (ISO standard extrusion safety standards),12/20 (Technical directors driving key milestones),85,B,"""Solid process control in delivering custom high-molecular polymers that handle intense mechanical stresses."""
Cube Engineering Controls,cubecontrols.in,Hyderabad,Industrial sensors & instrumentation,"Custom automated machine-vision components, optical alignment rigs",₹10 - ₹100 Cr,R. Jagdish (Founder & Automation Engineer),PASS,PASS,17/20 (Proprietary edge-detection integration logic software),16/20 (Deep system integration understanding),17/20 (Rapid manufacturing automation push in India),14/20 (Expanding software programming execution team),15/20 (Rigid calibration equipment infrastructure),11/20 (Founder centered technical delivery setup),90,B,"""Inspirational work deploying smart custom machine-vision inspection loops to eliminate errors on automated production lines."""
Vamshi Electronics,vamshielectronics.com,Hyderabad,Industrial sensors & instrumentation,"Specialized process transceivers, IoT mesh-monitoring nodes",₹10 - ₹100 Cr,V. Anand (MD & Embedded Systems Engineer),PASS,PASS,16/20 (Custom low-power industrial mesh network protocols),16/20 (Highly skilled hardware architecture base),17/20 (Smart telemetry adoption across dirty factories),14/20 (Shipping custom tracking modules to energy sectors),15/20 (Rigorous RF testing chambers implemented),12/20 (Promoters closely guarding design files),90,B,"""Impressive implementation of ultra-low-power telemetry architectures for heavy machinery operating in tough conditions."""